miRDeep2 score	novel miRNAs reported by miRDeep2	novel miRNAs, estimated false positives	novel miRNAs, estimated true positives	known miRNAs in species	known miRNAs in data	known miRNAs detected by miRDeep2	estimated signal-to-noise	excision gearing
10	0	0 +/- 0	0 +/- 0 (0 +/- 0%)	1441	2	2 (100%)	0.7	1
9	0	0 +/- 0	0 +/- 0 (0 +/- 0%)	1441	2	2 (100%)	0.7	1
8	1	2 +/- 1	0 +/- 0 (26 +/- 44%)	1441	2	2 (100%)	1.3	1
7	1	2 +/- 1	0 +/- 0 (24 +/- 43%)	1441	2	2 (100%)	1.2	1
6	1	2 +/- 1	0 +/- 0 (21 +/- 41%)	1441	2	2 (100%)	1.1	1
5	1	2 +/- 2	0 +/- 0 (20 +/- 40%)	1441	2	2 (100%)	1	1
4	1	2 +/- 2	0 +/- 0 (18 +/- 39%)	1441	2	2 (100%)	1	1
3	1	2 +/- 2	0 +/- 0 (14 +/- 35%)	1441	2	2 (100%)	0.9	1
2	4	2 +/- 2	2 +/- 1 (44 +/- 34%)	1441	2	2 (100%)	2	1
1	23	3 +/- 2	20 +/- 2 (85 +/- 8%)	1441	2	2 (100%)	6.9	1
0	45	14 +/- 3	31 +/- 3 (70 +/- 8%)	1441	2	2 (100%)	3.4	1
-1	62	36 +/- 6	26 +/- 6 (43 +/- 9%)	1441	2	2 (100%)	1.8	1
-2	72	59 +/- 8	13 +/- 8 (18 +/- 11%)	1441	2	2 (100%)	1.2	1
-3	90	88 +/- 10	5 +/- 7 (6 +/- 7%)	1441	2	2 (100%)	1	1
-4	124	127 +/- 11	3 +/- 6 (3 +/- 5%)	1441	2	2 (100%)	1	1
-5	137	183 +/- 11	0 +/- 0 (0 +/- 0%)	1441	2	2 (100%)	0.8	1
-6	162	238 +/- 13	0 +/- 0 (0 +/- 0%)	1441	2	2 (100%)	0.7	1
-7	187	286 +/- 13	0 +/- 0 (0 +/- 0%)	1441	2	2 (100%)	0.7	1
-8	225	327 +/- 14	0 +/- 0 (0 +/- 0%)	1441	2	2 (100%)	0.7	1
-9	262	362 +/- 14	0 +/- 0 (0 +/- 0%)	1441	2	2 (100%)	0.7	1
-10	288	391 +/- 15	0 +/- 0 (0 +/- 0%)	1441	2	2 (100%)	0.7	1



novel miRNAs predicted by miRDeep2
provisional id	miRDeep2 score	estimated probability that the miRNA candidate is a true positive	rfam alert	total read count	mature read count	loop read count	star read count	significant randfold p-value	miRBase miRNA	example miRBase miRNA with the same seed	UCSC browser	NCBI blastn	consensus mature sequence	consensus star sequence	consensus precursor sequence	precursor coordinate
chr2_772	8.2	26 +/- 44%	-	23	15	0	8	no	-	-	-	-	cgugauugucccgucuugcgagac	ucuuucgagacguuauuaaguggc	ucuuucgagacguuauuaaguggcagugugguggauauugucccacgugauugucccgucuugcgagac	chr2:8144884..8144953:+	chr2:8144864..8144977:+
chr2_7835	2.6	44 +/- 34%	-	525	525	0	0	yes	-	-	-	-	cgaggacuuagauuuuacggg	cguaaaaucuaaguccucgcg	cguaaaaucuaaguccucgcguuugaaaagugugugaaaauuaguccucuggcgaggaccugcuacacacacuuuuucaaacucgaggacuuagauuuuacggg	chr2:14340208..14340312:-	chr2:14340206..14340318:-
chr2_11782	2	44 +/- 34%	-	7	4	0	3	yes	-	-	-	-	uuuacauggucguucacuaucagu	gaaugaaugaccaaaugaaauagc	gaaugaaugaccaaaugaaauagccgaauguuuacauggucguucacuaucagu	chr2:38735505..38735559:-	chr2:38735486..38735599:-
chr2_12561	2	44 +/- 34%	-	67	54	13	0	yes	-	-	-	-	acuuuucacaucgguucagucagc	caaccaaccgaugugaaaaguau	acuuuucacaucgguucagucagccaaccgaugugaaauguauaccuuucacaucgguucagucaaccaaccgaugugaaaaguau	chr2:43104006..43104092:-	chr2:43103999..43104112:-
chr2_7184	1.9	85 +/- 8%	-	18	18	0	0	yes	-	-	-	-	ucuaaauucaugcaucgguuuccg	aaaaccgaugcaugaauuuagauu	aaaaccgaugcaugaauuuagauuaagguuagucuaaauucaugcaucgguuuccg	chr2:8841456..8841512:-	chr2:8841437..8841549:-
chr2_1883	1.9	85 +/- 8%	-	73	73	0	0	yes	-	-	-	-	ggauuuaagcaacucauaagcaa	gcuuauuggguugcuuaaaugcua	gcuuauuggguugcuuaaaugcuauucuggugggcccagacugccacaugggauuuaagcaacucauaagcaa	chr2:18011278..18011351:+	chr2:18011258..18011370:+
chr2_135	1.9	85 +/- 8%	-	56	56	0	0	yes	-	-	-	-	aucggauuuggggauugaaaaacc	uucggauuuuuuuuacugaauccgauca	uucggauuuuuuuuacugaauccgaucaccuucgguucggguaucggauuuggggauugaaaaacc	chr2:1674335..1674401:+	chr2:1674308..1674421:+
chr2_983	1.9	85 +/- 8%	-	916	916	0	0	yes	-	-	-	-	aggauuuaagcaacucauaagcaa	gcuuguuggguugcuuaagugcuau	gcuuguuggguugcuuaagugcuauucuggugggcccagacugccacauaggauuuaagcaacucauaagcaa	chr2:9790117..9790190:+	chr2:9790096..9790209:+
chr2_10527	1.9	85 +/- 8%	-	25	25	0	0	yes	-	-	-	-	ccuaaauuggaccaauggacccgc	ggguugcuucgggucuagggac	ccuaaauuggaccaauggacccgcauaaugucggguugcuucgggucuagggac	chr2:36120685..36120739:-	chr2:36120646..36120758:-
chr2_761	1.9	85 +/- 8%	-	916	916	0	0	yes	-	-	-	-	aggauuuaagcaacucauaagcaa	gcuuguuggguugcuuaaaugcuau	gcuuguuggguugcuuaaaugcuauucuggugggcccagacugccacauaggauuuaagcaacucauaagcaa	chr2:8130911..8130984:+	chr2:8130890..8131003:+
chr2_10579	1.8	85 +/- 8%	-	25	25	0	0	yes	-	-	-	-	ccuaaauuggaccaauggacccgc	ggguugcuucgggucuagggac	ccuaaauuggaccaauggacccgcauaaugucggguugcuucgggucuagggac	chr2:36151746..36151800:-	chr2:36151707..36151819:-
chr2_3766	1.8	85 +/- 8%	-	29	29	0	0	yes	-	-	-	-	acggaaaucgaugaaugaauuuag	aaauucauuucuggauuuccgugu	acggaaaucgaugaaugaauuuagaccaagguuaaaaacaaauucauuucuggauuuccgugu	chr2:35214685..35214748:+	chr2:35214665..35214778:+
chr2_2438	1.8	85 +/- 8%	-	12	12	0	0	yes	-	-	-	-	auuagcgacugauuuagcgacgga	cgucgcuaauucggucgcuaaguu	auuagcgacugauuuagcgacggauauaguagcgacugaaauuuccgucgcuaauucggucgcuaaguu	chr2:23226796..23226865:+	chr2:23226775..23226888:+
chr2_9904	1.7	85 +/- 8%	-	916	916	0	0	yes	-	-	-	-	aggauuuaagcaacucauaagcaa	gcuaguugaguugcuuaaaugcuau	gcuaguugaguugcuuaaaugcuauucugguggguccagacugccacauaggauuuaagcaacucauaagcaa	chr2:33430893..33430966:-	chr2:33430874..33430987:-
chr2_3546	1.6	85 +/- 8%	-	19	19	0	0	yes	-	-	-	-	aaagaaccaugauuuuagagggcc	ccuucuaaaaucauuauucuuugg	aaagaaccaugauuuuagagggccuaaaacuaauuuuuacauagucuuagguccuucuaaaaucauuauucuuugg	chr2:33989605..33989681:+	chr2:33989586..33989696:+
chr2_315	1.6	85 +/- 8%	-	916	916	0	0	yes	-	-	-	-	aggauuuaagcaacucauaagcaa	gcuaguuggguugcuuaaaugcuau	gcuaguuggguugcuuaaaugcuauucugguggguccagacugccacauaggauuuaagcaacucauaagcaa	chr2:3729976..3730049:+	chr2:3729955..3730068:+
chr2_6657	1.5	85 +/- 8%	-	72	72	0	0	yes	-	-	-	-	ccuuugaggaugaggccugcuc	gcaggucuucuucuguagacgcu	ccuuugaggaugaggccugcucgauuggcucuuucaacaauugaagagcagauugaagauuucucagcaggucuucuucuguagacgcu	chr2:3887592..3887681:-	chr2:3887590..3887700:-
chr2_5779	1.4	85 +/- 8%	-	15	15	0	0	yes	-	-	-	-	gaaccuuacauuggagaugcucuu	cagcaccuccaaugguaaaguucuu	cagcaccuccaaugguaaaguucuuaguucuuaguucuuaacucaaaaauaagaacuaagaaccuuacauuggagaugcucuu	chr2:39741613..39741696:+	chr2:39741602..39741713:+
chr2_7280	1.3	85 +/- 8%	-	15	15	0	0	yes	-	-	-	-	gaaccuuacauuggagaugcucuu	cagcaccuccaaugguaaaguucuu	cagcaccuccaaugguaaaguucuuaguucuuaguucuuaacuccaaaauaagaacuaagaaccuuacauuggagaugcucuu	chr2:9281291..9281374:-	chr2:9281272..9281383:-
chr2_8393	1.2	85 +/- 8%	-	70	39	31	0	yes	-	-	-	-	ugaguuauuuggcuucgggucggg	cggcccaucccacauauauauuu	ugaguuauuuggcuucgggucgggucggguuugaguugacauucgggccacccggcccaucccacauauauauuu	chr2:19522446..19522521:-	chr2:19522428..19522541:-
chr2_2379	1.2	85 +/- 8%	-	156	156	0	0	yes	-	-	-	-	accaggcucugauaccauga	augguaucauaaccugcuuc	augguaucauaaccugcuucacuuaguggucuuguguucaaauacugcucaagcacauggugaaccaggcucugauaccauga	chr2:22969022..22969105:+	chr2:22969015..22969124:+
chr2_7894	1.1	85 +/- 8%	-	56	56	0	0	yes	-	-	-	-	gaacugaguucuuaacuauuggag	cuaaugcaagauuauuaguucuu	cuaaugcaagauuauuaguucuuauuuuugaauuaagaacuaagaacugaguucuuaacuauuggag	chr2:14540147..14540214:-	chr2:14540128..14540241:-
chr2_9927	1	85 +/- 8%	-	30	27	3	0	yes	-	-	-	-	acaauguuauccuauccugcuggc	cagcaggauaagauuacugcuauccua	acaauguuauccuauccugcuggcgcaacaaacaacauauuacagcaggauaagauuacugcuauccua	chr2:33665496..33665565:-	chr2:33665470..33665583:-
chr2_1631	0.9	70 +/- 8%	-	94	94	0	0	yes	-	-	-	-	gauggacaggauaggauaggagac	ucuauccuaacuccccccucag	ucuauccuaacuccccccucaggauaacuuuuacacaugauggacaggauaggauaggagac	chr2:15992008..15992070:+	chr2:15991976..15992089:+
chr2_1189	0.9	70 +/- 8%	-	11	11	0	0	yes	-	-	-	-	aauuugggaggaaugggauggagc	uccauuacuuucccccauuuuugu	uccauuacuuucccccauuuuuguuuccccucaauuugggaggaaugggauggagc	chr2:11399529..11399585:+	chr2:11399491..11399604:+
chr2_8279	0.9	70 +/- 8%	-	102	102	0	0	yes	-	-	-	-	aaguguugugguaucguagcaagc	uagcuaugagcccacuuau	aaguguugugguaucguagcaagcaccuuguuuauaugcguauagguauagguacuagcuaugagcccacuuau	chr2:18786851..18786925:-	chr2:18786832..18786944:-
chr2_2768	0.9	70 +/- 8%	-	184	184	0	0	yes	-	-	-	-	auggaggagggagaugaccguugg	agucaucaagcucucugaagaaa	auggaggagggagaugaccguuggagccuuuuagagucacgugagaagcaugugacuuguccagucaucaagcucucugaagaaa	chr2:26400960..26401045:+	chr2:26400941..26401053:+
chr2_12522	0.8	70 +/- 8%	-	57	57	0	0	yes	-	-	-	-	gguaagaacuaggggacauaaggg	cuucucgucccaaaggguuagcuca	cuucucgucccaaaggguuagcucaagugguaagaacuaggggacauaaggg	chr2:42592208..42592260:-	chr2:42592189..42592302:-
chr2_12200	0.8	70 +/- 8%	-	19	19	0	0	yes	-	-	-	-	uuugggugugggauugauuaaa	guuucaccugaauuauaaaacc	guuucaccugaauuauaaaaccuauuuagguuugggugugggauugauuaaa	chr2:39749763..39749815:-	chr2:39749744..39749855:-
chr2_6278	0.7	70 +/- 8%	-	301	301	0	0	yes	-	-	-	-	aagaacuaagagcuccaugucagc	aauuauuaguucuuaguucuuaa	aagaacuaagagcuccaugucagcaccuccaaugguaaaauuauuaguucuuaguucuuaa	chr2:44245233..44245294:+	chr2:44245213..44245326:+
chr2_3629	0.7	70 +/- 8%	-	153	109	44	0	yes	-	-	-	-	gaagcaugugguaccaaguacaac	cauauuuggucacgcaguucgg	cauauuuggucacgcaguucggccaaauugccuaccucugcggcuauagaguagcuauagcuccuuuguauuacuuguggcaugaagcaugugguaccaaguacaac	chr2:34715172..34715279:+	chr2:34715166..34715279:+
chr2_10084	0.7	70 +/- 8%	-	153	109	44	0	yes	-	-	-	-	gaagcaugugguaccaaguacaac	cauauuuggucacgcaguucgg	cauauuuggucacgcaguucggccaaauugccuaccucugcggcuauagaguagcuauagcuccuuuguauuacuuguggcaugaagcaugugguaccaaguacaac	chr2:34745607..34745714:-	chr2:34745607..34745720:-
chr2_8088	0.5	70 +/- 8%	-	59	59	0	0	yes	-	-	-	-	ugggauaagugguuguuugacaug	uuaaagugacccuuucccaac	uuaaagugacccuuucccaacagcuuaaacuuuugggauaagugguuguuugacaug	chr2:16587331..16587388:-	chr2:16587312..16587423:-
chr2_2779	0.5	70 +/- 8%	-	10	10	0	0	yes	-	-	-	-	gaaccuuacauuggagaugcucua	cagcaccuccaaugguaaaguucuu	cagcaccuccaaugguaaaguucuuaguucuuaauucuuaacuccaaaauaagaacuaagaaccuuacauuggagaugcucua	chr2:26529611..26529694:+	chr2:26529600..26529711:+
chr2_10111	0.4	70 +/- 8%	-	38	38	0	0	yes	-	-	-	-	ucaggacaugauaggauaugauag	aucauguuguguuauuuguuguuu	ucaggacaugauaggauaugauaggauaauaaucauaucauguuguguuauuuguuguuu	chr2:34881965..34882025:-	chr2:34881934..34882044:-
chr2_1081	0.4	70 +/- 8%	-	30	30	0	0	yes	-	-	-	-	aguaaagaagucucacauuggaag	uccgcuugagauggacuca	uccgcuugagauggacucacacuugagggggagauuguugggaauucaagugugaguaaagaagucucacauuggaag	chr2:10466479..10466557:+	chr2:10466463..10466574:+
chr2_9456	0.4	70 +/- 8%	-	33	33	0	0	yes	-	-	-	-	augaguucuuaaccauugaagggg	ccaauguaagguucuuaguucuuauuu	ccaauguaagguucuuaguucuuauuuuuuaguuaagaacuaaaaaaugaguucuuaaccauugaagggg	chr2:29623022..29623092:-	chr2:29623000..29623113:-
chr2_10124	0.4	70 +/- 8%	-	54	54	0	0	yes	-	-	-	-	uuuacaacgguuguuagaauaagc	uugagaauaugucugaugugaaaa	uugagaauaugucugaugugaaaaguaauuaguaaacauuuuuuacaacgguuguuagaauaagc	chr2:35061690..35061755:-	chr2:35061671..35061783:-
chr2_6002	0.1	70 +/- 8%	-	57	56	1	0	yes	-	-	-	-	aggaccgaagagagagggaagcac	ucuucuacccucuuccuccuua	aggaccgaagagagagggaagcacaugaguugcacgugagaccugcaacggucaucuucuacccucuuccuccuua	chr2:41118761..41118837:+	chr2:41118741..41118854:+
chr2_283	0.1	70 +/- 8%	-	57	54	0	3	yes	-	-	-	-	uuuacaacgguuguuagaauaagc	gggaauaugucugaugugaaaagu	gggaauaugucugaugugaaaaguaauuaguaaacauuauuuacaacgguuguuagaauaagc	chr2:3349965..3350028:+	chr2:3349934..3350047:+
chr2_5261	0	70 +/- 8%	-	22	22	0	0	yes	-	-	-	-	uuagauuucgauccucauuggaga	ucuaauaggggaucuuauuagguccaaau	ucuaauaggggaucuuauuagguccaaaucuuaauuauuuuaagaucuuagauuucgauccucauuggaga	chr2:38506651..38506722:+	chr2:38506628..38506741:+
chr2_5614	0	70 +/- 8%	-	21	21	0	0	yes	-	-	-	-	aaagaaccaugauuuuagagg	uuuuuuaucaugucuuugg	aaagaaccaugauuuuagagggaccuaaaacucauuuuuuaucaugucuuugg	chr2:39299766..39299819:+	chr2:39299745..39299858:+
chr2_8583	0	70 +/- 8%	-	429	429	0	0	yes	-	-	-	-	ugacggaacggaacaggacagaac	uguguuugguaacuccaagucaau	ugacggaacggaacaggacagaacagaaugaaacaugacaauaauguucuauguguuguguuugguaacuccaagucaau	chr2:21129027..21129107:-	chr2:21129014..21129127:-
chr2_11538	0	70 +/- 8%	-	22	22	0	0	yes	-	-	-	-	uuagauuucgauccucauuggaga	ucuaauaggggaucuuauuagguccaaau	ucuaauaggggaucuuauuagguccaaaucuuaauuauuuuaagaucuuagauuucgauccucauuggaga	chr2:38419014..38419085:-	chr2:38418995..38419108:-
chr2_4851	0	70 +/- 8%	-	15	15	0	0	yes	-	-	-	-	agaguuugguagagcuuagauaga	uaaauaggcucauucugaaccuug	uaaauaggcucauucugaaccuuguuaaagagaguuugguagagcuuagauaga	chr2:37732605..37732659:+	chr2:37732565..37732678:+



mature miRBase miRNAs detected by miRDeep2
tag id	miRDeep2 score	estimated probability that the miRNA is a true positive	rfam alert	total read count	mature read count	loop read count	star read count	significant randfold p-value	mature miRBase miRNA	example miRBase miRNA with the same seed	UCSC browser	NCBI blastn	consensus mature sequence	consensus star sequence	consensus precursor sequence	precursor coordinate
chr2_10721	56.5	0 +/- 0%	-	109	77	0	32	yes	ath-miR393a	-	-	-	uccaaagggaucgcauugaucc	ucaugcuaucccuuuggauuc	uccaaagggaucgcauugaucccaaaucuugaucuauuuuuccauuuuuacaauauuugagaucaugcuaucccuuuggauuc	chr2:36423376..36423487:-

#miRBase miRNAs not detected by miRDeep2
miRBase precursor id	total read count	mature read count(s)	star read count	remaining reads	UCSC browser	NCBI blastn	miRBase mature sequence(s)	miRBase star sequence(s)	miRBase precursor sequence
183	183	-	0	-	-	uccaaagggaucgcauugaucc	gaucaugcuaucucuuugga	uccaaagggaucgcauugaucc	-	gaggaaggauccaaagggaucgcauugauccuaauuaaggugaauucuccccauauuuucuuuauaauuggcaaauaaaucacaaaaauuugcuugguuuuggaucaugcuaucucuuuggauucauccuu	
24	24	-	0	-	-	ugacagaagagagugagcac	ugacagaagagagugagcac	gcgugcucacucucuuuuug	ugacagaagagagugagcac	ugacagaagagagugagcac	ugacagaagagagugagcac	ugacagaagagagugagcac	-	gaaguugacagaagagagugagcacacaaaggggaaguuguauaaaaguuuuguauaugguugcuuuugcgugcucacucucuuuuugucauaacuuc	
4	4	-	0	-	-	cgacagaagagagugagcac	-	auaacgaaggcgacagaagagagugagcacacauggcucuuuuucuagcaugcucaugcucgaaagcucugcgugcuuacucucuucuugucuccugcucucu	

































































































24	24	-	0	-	-	ugacagaagagagugagcac	ugacagaagagagugagcac	ugacagaagagagugagcac	ugacagaagagagugagcac	ugacagaagagagugagcac	gugugcucacucucuauccg	ugacagaagagagugagcac	gcuaugugugcucacucucu	-	ggugacagaagagagugagcacacaugguggcuuucuugcauauuugaagguuccaugcuugaagcuaugugugcucacucucuauccgucacc	












































































































































































































































































































































































































































































































































































































































































